{
    "adj_rate": 0.04401408450704225,
    "adp_rate": 0.10035211267605634,
    "adv_rates": 0.13380281690140844,
    "conj_rate": 0.0,
    "det_rate": 0.06338028169014084,
    "noun_rate": 0.11619718309859155,
    "pron_rate": 0.20334507042253522,
    "verb_rate": 0.1795774647887324,
    "propn_rate": 0.002640845070422535,
    "verb_aux_rate": 0.2,
    "verb_obj_rate": 0.3904761904761905,
    "verb_subj_rate": 0.5619047619047619,
    "sub_prop_rate": 0.5047619047619047,
    "repetition_cons_rate": 26,
    "verb_conj_rate": 0.7107843137254902,
    "verb_inf_rate": 0.28921568627450983,
    "total_words": 1136,
    "mean_freq_words": 1.7464114832535884,
    "range_freq_words": 16,
    "std_freq_words": 1.7764539279008222,
    "Brunet_index": 19.459844951792448,
    "Honore_statistic": 804.8943750847693,
    "TTR": 0.1095679012345679,
    "anger_rate": 0.01936619718309859,
    "disgust_rate": 0.008802816901408451,
    "fear_rate": 0.029049295774647887,
    "joy_rate": 0.008802816901408451,
    "sadness_rate": 0.017605633802816902,
    "surprise_rate": 0.02112676056338028,
    "Score_AFINN": 10,
    "has_unit": {
        "accord": 2,
        "sentir": 6,
        "satisfait": 2,
        "docteur": 7,
        "c\u00f4t\u00e9": 2,
        "rien": 4,
        "changer": 2,
        "toujours": 4,
        "probl\u00e8me": 4,
        "bien": 6,
        "chose": 5,
        "voir": 3,
        "c\u0153ur": 9,
        "non": 6,
        "pas": 23,
        "tout": 8,
        "continuer": 2,
        "situation": 3,
        "o\u00f9": 2,
        "commencer": 15,
        "courir": 7,
        "comme": 6,
        "mal": 1,
        "poitrine": 1,
        "reprendre": 1,
        "dr\u00f4le": 2,
        "parler": 3,
        "arriver": 6,
        "douleur": 2,
        "tr\u00e8s": 6,
        "peur": 3,
        "crise": 4,
        "oui": 20,
        "environ": 1,
        "mois": 1,
        "fondamentalement": 1,
        "croire": 2,
        "travail": 6,
        "habitude": 1,
        "gros": 3,
        "entrer": 2,
        "ville": 3,
        "cong\u00e9": 1,
        "chaud": 2,
        "journ\u00e9e": 1,
        "air": 1,
        "bout": 1,
        "horrible": 1,
        "r\u00e9ussir": 1,
        "sortir": 3,
        "fait": 5,
        "quitter": 1,
        "chercher": 1,
        "affreux": 1,
        "effrayant": 2,
        "an": 1,
        "passer": 1,
        "donc": 6,
        "\u00e9viter": 1,
        "sans": 1,
        "devoir": 4,
        "mettre": 3,
        "sou": 2,
        "pression": 3,
        "beaucoup": 4,
        "quoi": 1,
        "moment": 1,
        "truc": 1,
        "personnel": 2,
        "impression": 1,
        "honn\u00eate": 3,
        "gentil": 1,
        "vie": 1,
        "vouloir": 4,
        "pub": 3,
        "promettre": 2,
        "arr\u00eater": 2,
        "baignoire": 1,
        "canap\u00e9": 1,
        "reproduire": 1,
        "inquiet": 1,
        "embarrassant": 1,
        "monde": 1,
        "fin": 1,
        "attache": 1,
        "bleu": 1,
        "souffrir": 1,
        "avant": 1,
        "nouveau": 2,
        "travailler": 1,
        "banque": 1,
        "syst\u00e8me": 1,
        "risquer": 1,
        "bon": 3,
        "soulager": 1,
        "p\u00e8re": 1,
        "mourir": 1,
        "aide": 1,
        "mauvais": 1,
        "expert": 1,
        "recevoir": 1,
        "sympt\u00f4me": 1,
        "comprendre": 2,
        "peut-\u00eatre": 1,
        "panique": 1,
        "discuter": 1,
        "sonner": 1,
        "cerveau": 1,
        "vrai": 2,
        "souvenir": 1,
        "battre": 1,
        "fuir": 1,
        "s\u00fbr": 2,
        "rapide": 1,
        "porter": 1,
        "logique": 1,
        "aimer": 1,
        "marcher": 1,
        "sens": 1,
        "oh": 1,
        "prendre": 1,
        "rendez-vous": 1
    },
    "ratio_unit": {
        "accord": 0.001762114537444934,
        "sentir": 0.0052863436123348016,
        "satisfait": 0.001762114537444934,
        "docteur": 0.006167400881057269,
        "c\u00f4t\u00e9": 0.001762114537444934,
        "rien": 0.003524229074889868,
        "changer": 0.001762114537444934,
        "toujours": 0.003524229074889868,
        "probl\u00e8me": 0.003524229074889868,
        "bien": 0.0052863436123348016,
        "chose": 0.004405286343612335,
        "voir": 0.0026431718061674008,
        "c\u0153ur": 0.007929515418502203,
        "non": 0.0052863436123348016,
        "pas": 0.02026431718061674,
        "tout": 0.007048458149779736,
        "continuer": 0.001762114537444934,
        "situation": 0.0026431718061674008,
        "o\u00f9": 0.001762114537444934,
        "commencer": 0.013215859030837005,
        "courir": 0.006167400881057269,
        "comme": 0.0052863436123348016,
        "mal": 0.000881057268722467,
        "poitrine": 0.000881057268722467,
        "reprendre": 0.000881057268722467,
        "dr\u00f4le": 0.001762114537444934,
        "parler": 0.0026431718061674008,
        "arriver": 0.0052863436123348016,
        "douleur": 0.001762114537444934,
        "tr\u00e8s": 0.0052863436123348016,
        "peur": 0.0026431718061674008,
        "crise": 0.003524229074889868,
        "oui": 0.01762114537444934,
        "environ": 0.000881057268722467,
        "mois": 0.000881057268722467,
        "fondamentalement": 0.000881057268722467,
        "croire": 0.001762114537444934,
        "travail": 0.0052863436123348016,
        "habitude": 0.000881057268722467,
        "gros": 0.0026431718061674008,
        "entrer": 0.001762114537444934,
        "ville": 0.0026431718061674008,
        "cong\u00e9": 0.000881057268722467,
        "chaud": 0.001762114537444934,
        "journ\u00e9e": 0.000881057268722467,
        "air": 0.000881057268722467,
        "bout": 0.000881057268722467,
        "horrible": 0.000881057268722467,
        "r\u00e9ussir": 0.000881057268722467,
        "sortir": 0.0026431718061674008,
        "fait": 0.004405286343612335,
        "quitter": 0.000881057268722467,
        "chercher": 0.000881057268722467,
        "affreux": 0.000881057268722467,
        "effrayant": 0.001762114537444934,
        "an": 0.000881057268722467,
        "passer": 0.000881057268722467,
        "donc": 0.0052863436123348016,
        "\u00e9viter": 0.000881057268722467,
        "sans": 0.000881057268722467,
        "devoir": 0.003524229074889868,
        "mettre": 0.0026431718061674008,
        "sou": 0.001762114537444934,
        "pression": 0.0026431718061674008,
        "beaucoup": 0.003524229074889868,
        "quoi": 0.000881057268722467,
        "moment": 0.000881057268722467,
        "truc": 0.000881057268722467,
        "personnel": 0.001762114537444934,
        "impression": 0.000881057268722467,
        "honn\u00eate": 0.0026431718061674008,
        "gentil": 0.000881057268722467,
        "vie": 0.000881057268722467,
        "vouloir": 0.003524229074889868,
        "pub": 0.0026431718061674008,
        "promettre": 0.001762114537444934,
        "arr\u00eater": 0.001762114537444934,
        "baignoire": 0.000881057268722467,
        "canap\u00e9": 0.000881057268722467,
        "reproduire": 0.000881057268722467,
        "inquiet": 0.000881057268722467,
        "embarrassant": 0.000881057268722467,
        "monde": 0.000881057268722467,
        "fin": 0.000881057268722467,
        "attache": 0.000881057268722467,
        "bleu": 0.000881057268722467,
        "souffrir": 0.000881057268722467,
        "avant": 0.000881057268722467,
        "nouveau": 0.001762114537444934,
        "travailler": 0.000881057268722467,
        "banque": 0.000881057268722467,
        "syst\u00e8me": 0.000881057268722467,
        "risquer": 0.000881057268722467,
        "bon": 0.0026431718061674008,
        "soulager": 0.000881057268722467,
        "p\u00e8re": 0.000881057268722467,
        "mourir": 0.000881057268722467,
        "aide": 0.000881057268722467,
        "mauvais": 0.000881057268722467,
        "expert": 0.000881057268722467,
        "recevoir": 0.000881057268722467,