{
    "adj_rate": 0.042572463768115944,
    "adp_rate": 0.10144927536231885,
    "adv_rates": 0.13496376811594202,
    "conj_rate": 0.0,
    "det_rate": 0.0625,
    "noun_rate": 0.11594202898550725,
    "pron_rate": 0.20380434782608695,
    "verb_rate": 0.1802536231884058,
    "propn_rate": 0.002717391304347826,
    "verb_aux_rate": 0.19801980198019803,
    "verb_obj_rate": 0.38613861386138615,
    "verb_subj_rate": 0.5544554455445545,
    "sub_prop_rate": 0.504950495049505,
    "repetition_cons_rate": 26,
    "verb_conj_rate": 0.7035175879396985,
    "verb_inf_rate": 0.2964824120603015,
    "total_words": 1104,
    "mean_freq_words": 1.6985645933014355,
    "range_freq_words": 16,
    "std_freq_words": 1.744450626258737,
    "Brunet_index": 19.22779362406865,
    "Honore_statistic": 808.8959450820732,
    "TTR": 0.11755361397934869,
    "anger_rate": 0.019927536231884056,
    "disgust_rate": 0.009057971014492754,
    "fear_rate": 0.029891304347826088,
    "joy_rate": 0.009057971014492754,
    "sadness_rate": 0.018115942028985508,
    "surprise_rate": 0.021739130434782608,
    "Score_AFINN": 8,
    "has_unit": {
        "bien": 6,
        "chose": 5,
        "voir": 3,
        "docteur": 6,
        "c\u0153ur": 9,
        "non": 6,
        "pas": 23,
        "tout": 8,
        "continuer": 2,
        "situation": 3,
        "o\u00f9": 2,
        "commencer": 15,
        "courir": 7,
        "comme": 6,
        "mal": 1,
        "poitrine": 1,
        "reprendre": 1,
        "sentir": 5,
        "dr\u00f4le": 2,
        "parler": 3,
        "arriver": 6,
        "douleur": 2,
        "tr\u00e8s": 6,
        "peur": 3,
        "crise": 4,
        "oui": 20,
        "environ": 1,
        "mois": 1,
        "fondamentalement": 1,
        "croire": 2,
        "probl\u00e8me": 3,
        "travail": 6,
        "habitude": 1,
        "gros": 3,
        "entrer": 2,
        "ville": 3,
        "cong\u00e9": 1,
        "chaud": 2,
        "journ\u00e9e": 1,
        "air": 1,
        "bout": 1,
        "horrible": 1,
        "r\u00e9ussir": 1,
        "sortir": 3,
        "fait": 5,
        "quitter": 1,
        "chercher": 1,
        "affreux": 1,
        "effrayant": 2,
        "an": 1,
        "passer": 1,
        "donc": 6,
        "\u00e9viter": 1,
        "sans": 1,
        "devoir": 4,
        "rien": 3,
        "mettre": 3,
        "sou": 2,
        "pression": 3,
        "beaucoup": 4,
        "quoi": 1,
        "moment": 1,
        "truc": 1,
        "personnel": 2,
        "impression": 1,
        "honn\u00eate": 3,
        "gentil": 1,
        "vie": 1,
        "vouloir": 4,
        "pub": 3,
        "promettre": 2,
        "arr\u00eater": 2,
        "baignoire": 1,
        "canap\u00e9": 1,
        "reproduire": 1,
        "inquiet": 1,
        "embarrassant": 1,
        "monde": 1,
        "fin": 1,
        "attache": 1,
        "bleu": 1,
        "souffrir": 1,
        "avant": 1,
        "nouveau": 2,
        "travailler": 1,
        "banque": 1,
        "syst\u00e8me": 1,
        "risquer": 1,
        "bon": 3,
        "soulager": 1,
        "p\u00e8re": 1,
        "mourir": 1,
        "accord": 1,
        "satisfait": 1,
        "c\u00f4t\u00e9": 1,
        "changer": 1,
        "toujours": 3,
        "aide": 1,
        "mauvais": 1,
        "expert": 1,
        "recevoir": 1,
        "sympt\u00f4me": 1,
        "comprendre": 2,
        "peut-\u00eatre": 1,
        "panique": 1,
        "discuter": 1,
        "sonner": 1,
        "cerveau": 1,
        "vrai": 2,
        "souvenir": 1,
        "battre": 1,
        "fuir": 1,
        "s\u00fbr": 2,
        "rapide": 1,
        "porter": 1,
        "logique": 1,
        "aimer": 1,
        "marcher": 1,
        "sens": 1,
        "oh": 1,
        "prendre": 1,
        "rendez-vous": 1
    },
    "ratio_unit": {
        "bien": 0.005439709882139619,
        "chose": 0.004533091568449683,
        "voir": 0.0027198549410698096,
        "docteur": 0.005439709882139619,
        "c\u0153ur": 0.008159564823209429,
        "non": 0.005439709882139619,
        "pas": 0.02085222121486854,
        "tout": 0.007252946509519492,
        "continuer": 0.001813236627379873,
        "situation": 0.0027198549410698096,
        "o\u00f9": 0.001813236627379873,
        "commencer": 0.013599274705349048,
        "courir": 0.006346328195829556,
        "comme": 0.005439709882139619,
        "mal": 0.0009066183136899365,
        "poitrine": 0.0009066183136899365,
        "reprendre": 0.0009066183136899365,
        "sentir": 0.004533091568449683,
        "dr\u00f4le": 0.001813236627379873,
        "parler": 0.0027198549410698096,
        "arriver": 0.005439709882139619,
        "douleur": 0.001813236627379873,
        "tr\u00e8s": 0.005439709882139619,
        "peur": 0.0027198549410698096,
        "crise": 0.003626473254759746,
        "oui": 0.01813236627379873,
        "environ": 0.0009066183136899365,
        "mois": 0.0009066183136899365,
        "fondamentalement": 0.0009066183136899365,
        "croire": 0.001813236627379873,
        "probl\u00e8me": 0.0027198549410698096,
        "travail": 0.005439709882139619,
        "habitude": 0.0009066183136899365,
        "gros": 0.0027198549410698096,
        "entrer": 0.001813236627379873,
        "ville": 0.0027198549410698096,
        "cong\u00e9": 0.0009066183136899365,
        "chaud": 0.001813236627379873,
        "journ\u00e9e": 0.0009066183136899365,
        "air": 0.0009066183136899365,
        "bout": 0.0009066183136899365,
        "horrible": 0.0009066183136899365,
        "r\u00e9ussir": 0.0009066183136899365,
        "sortir": 0.0027198549410698096,
        "fait": 0.004533091568449683,
        "quitter": 0.0009066183136899365,
        "chercher": 0.0009066183136899365,
        "affreux": 0.0009066183136899365,
        "effrayant": 0.001813236627379873,
        "an": 0.0009066183136899365,
        "passer": 0.0009066183136899365,
        "donc": 0.005439709882139619,
        "\u00e9viter": 0.0009066183136899365,
        "sans": 0.0009066183136899365,
        "devoir": 0.003626473254759746,
        "rien": 0.0027198549410698096,
        "mettre": 0.0027198549410698096,
        "sou": 0.001813236627379873,
        "pression": 0.0027198549410698096,
        "beaucoup": 0.003626473254759746,
        "quoi": 0.0009066183136899365,
        "moment": 0.0009066183136899365,
        "truc": 0.0009066183136899365,
        "personnel": 0.001813236627379873,
        "impression": 0.0009066183136899365,
        "honn\u00eate": 0.0027198549410698096,
        "gentil": 0.0009066183136899365,
        "vie": 0.0009066183136899365,
        "vouloir": 0.003626473254759746,
        "pub": 0.0027198549410698096,
        "promettre": 0.001813236627379873,
        "arr\u00eater": 0.001813236627379873,
        "baignoire": 0.0009066183136899365,
        "canap\u00e9": 0.0009066183136899365,
        "reproduire": 0.0009066183136899365,
        "inquiet": 0.0009066183136899365,
        "embarrassant": 0.0009066183136899365,
        "monde": 0.0009066183136899365,
        "fin": 0.0009066183136899365,
        "attache": 0.0009066183136899365,
        "bleu": 0.0009066183136899365,
        "souffrir": 0.0009066183136899365,
        "avant": 0.0009066183136899365,
        "nouveau": 0.001813236627379873,
        "travailler": 0.0009066183136899365,
        "banque": 0.0009066183136899365,
        "syst\u00e8me": 0.0009066183136899365,
        "risquer": 0.0009066183136899365,
        "bon": 0.0027198549410698096,
        "soulager": 0.0009066183136899365,
        "p\u00e8re": 0.0009066183136899365,
        "mourir": 0.0009066183136899365,
        "accord": 0.0009066183136899365,
        "satisfait": 0.0009066183136899365,
        "c\u00f4t\u00e9": 0.0009066183136899365,
        "changer": 0.0009066183136899365,
        "toujours": 0.0027198549410698096,
        "aide": 0.0009066183136899365,
        "mauvais": 0.0009066183136899365,
        "expert": 0.0009066183136899365,