{
    "adj_rate": 0.02040816326530612,
    "adp_rate": 0.11224489795918367,
    "adv_rates": 0.11224489795918367,
    "conj_rate": 0.0,
    "det_rate": 0.09183673469387756,
    "noun_rate": 0.1836734693877551,
    "pron_rate": 0.16326530612244897,
    "verb_rate": 0.16326530612244897,
    "propn_rate": 0.030612244897959183,
    "verb_aux_rate": 0.08333333333333333,
    "verb_obj_rate": 0.4166666666666667,
    "verb_subj_rate": 0.5,
    "sub_prop_rate": 0.16666666666666666,
    "repetition_cons_rate": 0,
    "verb_conj_rate": 0.5625,
    "verb_inf_rate": 0.4375,
    "total_words": 98,
    "mean_freq_words": 1.2592592592592593,
    "range_freq_words": 2,
    "std_freq_words": 0.5158662324883007,
    "Brunet_index": 15.634925967105692,
    "Honore_statistic": 580.5662614160995,
    "TTR": 0.18421052631578946,
    "anger_rate": 0.030612244897959183,
    "disgust_rate": 0.01020408163265306,
    "fear_rate": 0.030612244897959183,
    "joy_rate": 0.030612244897959183,
    "sadness_rate": 0.01020408163265306,
    "surprise_rate": 0.02040816326530612,
    "Score_AFINN": 3,
    "has_unit": {
        "bien": 1,
        "chose": 1,
        "voir": 1,
        "docteur": 1,
        "c\u0153ur": 3,
        "non": 1,
        "pas": 3,
        "tout": 1,
        "continuer": 1,
        "situation": 1,
        "o\u00f9": 1,
        "commencer": 2,
        "courir": 2,
        "comme": 1,
        "mal": 1,
        "poitrine": 1,
        "reprendre": 1,
        "sentir": 1,
        "dr\u00f4le": 1,
        "parler": 1,
        "arriver": 1,
        "douleur": 1,
        "tr\u00e8s": 1,
        "peur": 1
    },
    "ratio_unit": {
        "bien": 0.010309278350515464,
        "chose": 0.010309278350515464,
        "voir": 0.010309278350515464,
        "docteur": 0.010309278350515464,
        "c\u0153ur": 0.030927835051546393,
        "non": 0.010309278350515464,
        "pas": 0.030927835051546393,
        "tout": 0.010309278350515464,
        "continuer": 0.010309278350515464,
        "situation": 0.010309278350515464,
        "o\u00f9": 0.010309278350515464,
        "commencer": 0.020618556701030927,
        "courir": 0.020618556701030927,
        "comme": 0.010309278350515464,
        "mal": 0.010309278350515464,
        "poitrine": 0.010309278350515464,
        "reprendre": 0.010309278350515464,
        "sentir": 0.010309278350515464,
        "dr\u00f4le": 0.010309278350515464,
        "parler": 0.010309278350515464,
        "arriver": 0.010309278350515464,
        "douleur": 0.010309278350515464,
        "tr\u00e8s": 0.010309278350515464,
        "peur": 0.010309278350515464
    },
    "unique_concept_density": 0.24742268041237114,
    "unique_concept_efficiency": 2.0,
    "total_concept_density": 0.30927835051546393,
    "total_concept_efficiency": 2.5
}