{
    "adj_rate": 0.04268846503178928,
    "adp_rate": 0.1008174386920981,
    "adv_rates": 0.13533151680290645,
    "conj_rate": 0.0,
    "det_rate": 0.06267029972752043,
    "noun_rate": 0.11444141689373297,
    "pron_rate": 0.20435967302452315,
    "verb_rate": 0.1807447774750227,
    "propn_rate": 0.0027247956403269754,
    "verb_aux_rate": 0.2,
    "verb_obj_rate": 0.39,
    "verb_subj_rate": 0.56,
    "sub_prop_rate": 0.51,
    "repetition_cons_rate": 26,
    "verb_conj_rate": 0.7035175879396985,
    "verb_inf_rate": 0.2964824120603015,
    "total_words": 1101,
    "mean_freq_words": 1.6889952153110048,
    "range_freq_words": 16,
    "std_freq_words": 1.7455133038040733,
    "Brunet_index": 19.202468928350054,
    "Honore_statistic": 810.3428071235461,
    "TTR": 0.11952191235059761
}