{
    "adj_rate": 0.042727272727272725,
    "adp_rate": 0.1009090909090909,
    "adv_rates": 0.13545454545454547,
    "conj_rate": 0.0,
    "det_rate": 0.06272727272727273,
    "noun_rate": 0.11454545454545455,
    "pron_rate": 0.20454545454545456,
    "verb_rate": 0.1809090909090909,
    "propn_rate": 0.0027272727272727275,
    "verb_aux_rate": 0.20202020202020202,
    "verb_obj_rate": 0.3939393939393939,
    "verb_subj_rate": 0.5656565656565656,
    "sub_prop_rate": 0.5151515151515151,
    "repetition_cons_rate": 26,
    "verb_conj_rate": 0.7035175879396985,
    "verb_inf_rate": 0.2964824120603015,
    "total_words": 1100,
    "mean_freq_words": 1.6923076923076923,
    "range_freq_words": 16,
    "std_freq_words": 1.7490487693695496,
    "Brunet_index": 19.241086298100196,
    "Honore_statistic": 809.6066539706657,
    "TTR": 0.11881977671451356,
    "anger_rate": 0.02,
    "disgust_rate": 0.00909090909090909,
    "fear_rate": 0.03,
    "joy_rate": 0.00909090909090909,
    "sadness_rate": 0.01818181818181818,
    "surprise_rate": 0.02181818181818182,
    "Score_AFINN": 8,
    "has_unit": {
        "bien": 6,
        "chose": 5,
        "voir": 3,
        "docteur": 6,
        "c\u0153ur": 9,
        "non": 6,
        "pas": 23,
        "tout": 8,
        "continuer": 2,
        "situation": 3,
        "o\u00f9": 2,
        "commencer": 15,
        "courir": 7,
        "comme": 6,
        "mal": 1,
        "poitrine": 1,
        "reprendre": 1,
        "sentir": 5,
        "dr\u00f4le": 2,
        "parler": 3,
        "arriver": 6,
        "douleur": 2,
        "tr\u00e8s": 6,
        "peur": 3,
        "crise": 4,
        "oui": 20,
        "environ": 1,
        "mois": 1,
        "fondamentalement": 1,
        "croire": 2,
        "probl\u00e8me": 3,
        "travail": 6,
        "habitude": 1,
        "gros": 3,
        "entrer": 2,
        "ville": 3,
        "cong\u00e9": 1,
        "chaud": 2,
        "journ\u00e9e": 1,
        "air": 1,
        "bout": 1,
        "horrible": 1,
        "r\u00e9ussir": 1,
        "sortir": 3,
        "fait": 5,
        "quitter": 1,
        "chercher": 1,
        "affreux": 1,
        "effrayant": 2,
        "an": 1,
        "passer": 1,
        "donc": 6,
        "\u00e9viter": 1,
        "sans": 1,
        "devoir": 4,
        "rien": 3,
        "mettre": 3,
        "sou": 2,
        "pression": 3,
        "beaucoup": 4,
        "quoi": 1,
        "moment": 1,
        "truc": 1,
        "personnel": 2,
        "impression": 1,
        "honn\u00eate": 3,
        "gentil": 1,
        "vie": 1,
        "vouloir": 4,
        "pub": 3,
        "promettre": 2,
        "arr\u00eater": 2,
        "baignoire": 1,
        "canap\u00e9": 1,
        "reproduire": 1,
        "inquiet": 1,
        "embarrassant": 1,
        "monde": 1,
        "fin": 1,
        "attache": 1,
        "bleu": 1,
        "souffrir": 1,
        "avant": 1,
        "nouveau": 2,
        "travailler": 1,
        "banque": 1,
        "syst\u00e8me": 1,
        "risquer": 1,
        "bon": 3,
        "soulager": 1,
        "p\u00e8re": 1,
        "mourir": 1,
        "accord": 1,
        "satisfait": 1,
        "c\u00f4t\u00e9": 1,
        "changer": 1,
        "toujours": 3,
        "aide": 1,
        "mauvais": 1,
        "expert": 1,
        "recevoir": 1,
        "sympt\u00f4me": 1,
        "comprendre": 2,
        "peut-\u00eatre": 1,
        "panique": 1,
        "discuter": 1,
        "sonner": 1,
        "cerveau": 1,
        "vrai": 2,
        "souvenir": 1,
        "battre": 1,
        "fuir": 1,
        "s\u00fbr": 2,
        "rapide": 1,
        "porter": 1,
        "logique": 1,
        "aimer": 1,
        "marcher": 1,
        "sens": 1,
        "oh": 1,
        "prendre": 1,
        "rendez-vous": 1
    },
    "ratio_unit": {
        "bien": 0.005454545454545455,
        "chose": 0.004545454545454545,
        "voir": 0.0027272727272727275,
        "docteur": 0.005454545454545455,
        "c\u0153ur": 0.008181818181818182,
        "non": 0.005454545454545455,
        "pas": 0.02090909090909091,
        "tout": 0.007272727272727273,
        "continuer": 0.0018181818181818182,
        "situation": 0.0027272727272727275,
        "o\u00f9": 0.0018181818181818182,
        "commencer": 0.013636363636363636,
        "courir": 0.006363636363636364,
        "comme": 0.005454545454545455,
        "mal": 0.0009090909090909091,
        "poitrine": 0.0009090909090909091,
        "reprendre": 0.0009090909090909091,
        "sentir": 0.004545454545454545,
        "dr\u00f4le": 0.0018181818181818182,
        "parler": 0.0027272727272727275,
        "arriver": 0.005454545454545455,
        "douleur": 0.0018181818181818182,
        "tr\u00e8s": 0.005454545454545455,
        "peur": 0.0027272727272727275,
        "crise": 0.0036363636363636364,
        "oui": 0.01818181818181818,
        "environ": 0.0009090909090909091,
        "mois": 0.0009090909090909091,
        "fondamentalement": 0.0009090909090909091,
        "croire": 0.0018181818181818182,
        "probl\u00e8me": 0.0027272727272727275,
        "travail": 0.005454545454545455,
        "habitude": 0.0009090909090909091,
        "gros": 0.0027272727272727275,
        "entrer": 0.0018181818181818182,
        "ville": 0.0027272727272727275,
        "cong\u00e9": 0.0009090909090909091,
        "chaud": 0.0018181818181818182,
        "journ\u00e9e": 0.0009090909090909091,
        "air": 0.0009090909090909091,
        "bout": 0.0009090909090909091,
        "horrible": 0.0009090909090909091,
        "r\u00e9ussir": 0.0009090909090909091,
        "sortir": 0.0027272727272727275,
        "fait": 0.004545454545454545,
        "quitter": 0.0009090909090909091,
        "chercher": 0.0009090909090909091,
        "affreux": 0.0009090909090909091,
        "effrayant": 0.0018181818181818182,
        "an": 0.0009090909090909091,
        "passer": 0.0009090909090909091,
        "donc": 0.005454545454545455,
        "\u00e9viter": 0.0009090909090909091,
        "sans": 0.0009090909090909091,
        "devoir": 0.0036363636363636364,
        "rien": 0.0027272727272727275,
        "mettre": 0.0027272727272727275,
        "sou": 0.0018181818181818182,
        "pression": 0.0027272727272727275,
        "beaucoup": 0.0036363636363636364,
        "quoi": 0.0009090909090909091,
        "moment": 0.0009090909090909091,
        "truc": 0.0009090909090909091,
        "personnel": 0.0018181818181818182,
        "impression": 0.0009090909090909091,
        "honn\u00eate": 0.0027272727272727275,
        "gentil": 0.0009090909090909091,
        "vie": 0.0009090909090909091,
        "vouloir": 0.0036363636363636364,
        "pub": 0.0027272727272727275,
        "promettre": 0.0018181818181818182,
        "arr\u00eater": 0.0018181818181818182,
        "baignoire": 0.0009090909090909091,
        "canap\u00e9": 0.0009090909090909091,
        "reproduire": 0.0009090909090909091,
        "inquiet": 0.0009090909090909091,
        "embarrassant": 0.0009090909090909091,
        "monde": 0.0009090909090909091,
        "fin": 0.0009090909090909091,
        "attache": 0.0009090909090909091,
        "bleu": 0.0009090909090909091,
        "souffrir": 0.0009090909090909091,
        "avant": 0.0009090909090909091,
        "nouveau": 0.0018181818181818182,
        "travailler": 0.0009090909090909091,
        "banque": 0.0009090909090909091,
        "syst\u00e8me": 0.0009090909090909091,
        "risquer": 0.0009090909090909091,
        "bon": 0.0027272727272727275,
        "soulager": 0.0009090909090909091,
        "p\u00e8re": 0.0009090909090909091,
        "mourir": 0.0009090909090909091,
        "accord": 0.0009090909090909091,
        "satisfait": 0.0009090909090909091,
        "c\u00f4t\u00e9": 0.0009090909090909091,
        "changer": 0.0009090909090909091,
        "toujours": 0.0027272727272727275,
        "aide": 0.0009090909090909091,
        "mauvais": 0.0009090909090909091,
        "expert": 0.0009090909090909091,